full_name,favourite_color,company_name,email,phone_number,salary
Michael Olson,olive,"Scott, Young and King",zacharymcdonald@yahoo.com,114-116-1124x315,2151
Diana Harris,lime,Martin-Barnes,timothy81@gmail.com,1-860-251-9980x6941,5354
Marilyn Maldonado,black,Walker PLC,gmcintosh@yahoo.com,+49(1)7897611670,7158
Marissa Carter,olive,"Hart, Ray and Wagner",eileen88@hotmail.com,659-155-8389x092,8587
Amanda Hughes,maroon,"Franco, Harvey and Payne",wilkinsonjason@hotmail.com,1-366-403-5794x0781,3779
Patricia King,white,Gonzalez-Fuentes,kimberlyrasmussen@hotmail.com,1-512-204-5161,1039
Julie Byrd,lime,Johnson-Reynolds,crystal69@hotmail.com,(664)760-9409,1995
Frank Mcdonald,maroon,"Gonzales, Jones and Clark",operkins@hotmail.com,(084)057-7479x38393,5694
Kathryn Baldwin,silver,"Khan, Baker and Willis",okeller@yahoo.com,+40(4)4728867268,5999
Karen Russell,purple,Ho and Sons,morrisjennifer@hotmail.com,088.899.8659x085,19
Gary Sanchez,gray,Long Inc,pday@hotmail.com,1-065-006-6410,9190
Karen Lucas,black,"Wilson, Smith and Vance",catherine64@gmail.com,(448)095-7360x318,5985
Courtney Lowery DVM,lime,Rogers PLC,sharris@yahoo.com,(826)821-7107x2319,169
Amber Campbell,black,Lawson-Freeman,josephmontoya@hotmail.com,655.136.4662x617,2727
Shane Lloyd,aqua,Garcia-Booth,djones@hotmail.com,00570628159,9535
Teresa Nelson,silver,Smith-Kelly,taylorapril@gmail.com,753-792-5034x06814,2485
Nicole Wilson,aqua,"Small, Archer and Dawson",briannewman@hotmail.com,(683)980-9720,5093
Lori Mcfarland,green,"Hobbs, Gardner and Gould",lopezdestiny@yahoo.com,255.439.6527x14306,4350
Alan Pope,blue,"Reyes, Case and Benson",jennifer75@yahoo.com,+10(7)1216562311,8577
Brandon Werner,olive,Ferguson-Santiago,kaitlynmalone@gmail.com,(053)959-0484x5147,7128
Mary Powell,gray,Wright-Hoover,dglover@yahoo.com,02870375047,4550
Keith Blanchard,teal,"Dodson, Anderson and Beck",zjames@yahoo.com,1-320-750-1376,9535
Jessica Richards,green,"Mendoza, Rhodes and Mills",kathleenmorrison@gmail.com,1-487-266-7539x3329,5943
Amy Powers,aqua,Boyd-Miller,pwhite@gmail.com,805-216-3085x92449,2353
Judy Campbell,gray,Reynolds LLC,harrissamantha@yahoo.com,1-004-335-6607,4512
Kevin Flores,fuchsia,Martinez Ltd,richardmorales@gmail.com,09656812427,2401
James Ingram,black,Garcia-Williams,joseph45@yahoo.com,(659)387-0903x98320,496
Mary Ramsey,silver,Thomas-Roberts,wardtiffany@yahoo.com,09844054730,5056
Angela Smith,olive,"Bowman, Miller and Brown",hortiz@hotmail.com,654-892-0237x2715,2290
Joel Smith,silver,Greene LLC,thompsonbrittney@hotmail.com,991-319-8841x3571,3350
Julie Meyer,navy,Reed Group,brewermorgan@yahoo.com,+23(1)7538141381,721
Candice Preston,green,Hester-Le,yangstephen@yahoo.com,02634543869,8639
Christy Hudson,silver,"Short, Page and Evans",ferrelltyrone@yahoo.com,086.522.0840x4284,7169
Sheri Donovan,lime,Gay Inc,madison44@yahoo.com,1-008-754-4798,7412
Juan Ramirez MD,lime,Bowman-Ballard,econtreras@hotmail.com,1-338-946-7730,2642
Geoffrey Delgado,aqua,Freeman-Reese,franklinamanda@gmail.com,(699)833-2729,8784
Kyle Howard,fuchsia,"Hernandez, Rollins and Williams",atkinstammy@gmail.com,02544731286,5778
William Brown,silver,Waters-Harvey,beverlygray@yahoo.com,1-479-900-7940x7837,5130
Laurie Molina,olive,Kirk-Wong,calvin18@gmail.com,527-087-8542,6022
Alexander Simmons,purple,Brooks Group,breannapalmer@gmail.com,945-036-2056x9222,6423
Sylvia Riley,teal,"Watson, Rose and Christensen",holmesstephanie@gmail.com,961.488.8620,1122
Deborah Lopez,blue,Henson-Pearson,mclaughlintony@gmail.com,(783)023-6489,5067
Wendy Miller,aqua,Petersen-Smith,christina16@yahoo.com,(977)743-2752x1169,3860
Lacey Miller,olive,Mccoy Ltd,lanesabrina@yahoo.com,846-315-7933x7198,4186
Daniel Gonzalez,fuchsia,Sanchez-Poole,walshmonica@gmail.com,(986)991-4882x049,5906
Sara Sparks,yellow,Black LLC,sgordon@hotmail.com,268-187-8453x47967,7649
David Jones,white,Hayes-Pineda,zmaldonado@hotmail.com,1-391-125-4761,9729
Valerie Gibson,blue,Johnson and Sons,danielsmith@yahoo.com,787.848.7154x498,5004
Jason Glass,olive,Diaz-Cardenas,ihayden@gmail.com,017-552-3858x7080,9657
Anthony Stone,aqua,Kim-Franklin,smithjose@yahoo.com,336-752-4513,4881
Eric Tran,fuchsia,Barry-Briggs,harrisvictoria@gmail.com,(867)299-2717x38504,4154
Andrea Flores,silver,"Noble, Bond and Mccormick",vbean@hotmail.com,(950)082-1594x8853,7681
Michael Mooney,purple,"Anderson, Krause and Yoder",rhondamann@gmail.com,471.628.4219x12661,4554
Erik Smith,purple,Chavez PLC,youngbrianna@yahoo.com,251.813.5090x12054,7385
David Frye,silver,Willis Inc,stricklandjessica@gmail.com,422.395.8104,5090
Sue Garcia,olive,Moreno-Harris,millereric@hotmail.com,(251)681-2218x248,5813
Cassandra Vargas,blue,Washington-Cameron,woodsandrew@gmail.com,03241565852,3164
Nancy Bennett,lime,"Rogers, Mullen and Castillo",walkermegan@yahoo.com,985-252-8112,8484
Arthur Fritz,yellow,Jarvis Ltd,carllewis@hotmail.com,151.424.0293x0291,9452
David Lopez,purple,Singh Ltd,hcrosby@yahoo.com,853.603.6658x134,7266
William Velasquez,purple,"Williams, May and Gray",kingalyssa@yahoo.com,468-745-9470,1050
Karl Anderson,maroon,Greer-Brown,zanderson@hotmail.com,530.581.9790x927,8157
Danielle Hamilton,white,Parsons-Sexton,erincarlson@yahoo.com,012-195-0396,6927
Sean Cole,black,Ritter-Costa,sandersderrick@gmail.com,04993108145,7484
Sandra Shah,olive,"Rose, Stewart and Patterson",awilliams@hotmail.com,+13(6)9739568141,3182
Deborah Moore,fuchsia,Parker-Stanley,shepherdbrianna@yahoo.com,1-125-519-4273x7059,6090
Taylor Smith,maroon,"Vargas, Johnston and Wilson",brookskayla@hotmail.com,361-050-8073,1877
Meredith Williams,maroon,Thomas-Barnes,mckayjennifer@hotmail.com,985.240.5856x7832,4461
Patricia Salas,maroon,Bowman Ltd,flara@gmail.com,(045)068-2028x4528,8837
Nicolas Arellano,maroon,"Martinez, Meyers and Foley",brownvincent@gmail.com,+31(7)4922109880,9705
Benjamin Benson,yellow,"Evans, Price and Gutierrez",samantha51@hotmail.com,753.578.0640x398,2761
Paula Page,yellow,"Crawford, Torres and Boyd",tdrake@yahoo.com,(014)013-1711,5411
Jonathan Barnett,gray,Rivera-Wolf,dennis43@gmail.com,(464)857-3796x362,9635
Sandra Clark,maroon,Hopkins-Reyes,cesarmason@yahoo.com,(728)483-3602x255,5971
Sandy Lowe,olive,"Sanders, Shaw and Rodriguez",scottvalerie@hotmail.com,(465)498-6595x13143,6446
Raymond Rivera,yellow,Bailey LLC,eugenemartin@gmail.com,346-690-4242x5175,9913
Jessica Smith,aqua,"Young, Ward and Mann",nguyendustin@gmail.com,677.886.0442x5318,9722
Margaret Collins,black,Miller Inc,jonathan13@hotmail.com,08844216954,936
Cynthia Lynch,silver,Bell LLC,jeremiah29@yahoo.com,09735675562,4019
Scott Green,yellow,"Little, Zimmerman and Wall",hrice@gmail.com,1-697-727-7274x6673,799
Derek Hanson,white,Villegas PLC,melissa06@yahoo.com,410.737.5027,3626
Crystal Gray,fuchsia,Wright Inc,michael45@yahoo.com,971-997-2144x6657,6116
Jordan Carter,olive,Wise-Johnson,powelllindsay@yahoo.com,(508)171-0518x1656,2932
Amanda Ball,silver,"Snow, Anderson and Hall",omartinez@gmail.com,549.468.8657x6155,7135
Albert Logan,purple,"Barnes, Wells and Edwards",frankrachel@yahoo.com,489.722.4229x3078,6233
Christine Johnson,aqua,Hudson Ltd,zrivera@hotmail.com,180.176.7173x3548,6742
Charles Black,green,Walker and Sons,blackwellmeagan@hotmail.com,321.191.6769,8505
Melissa Smith,yellow,Christensen-Mooney,twilliams@hotmail.com,290-066-8072,4444
Elizabeth Juarez,yellow,Bowers Group,nicolebradley@hotmail.com,(943)318-9182x323,9930
Chelsea Avila,white,"Ferrell, Walsh and Munoz",adamwilkerson@gmail.com,1-197-247-5060x4854,2595
Gregory Ferguson,yellow,Sosa-Garza,hardincharlene@hotmail.com,427.186.8631,4067
Christian Jimenez,lime,"Tyler, Smith and Wallace",summersalexander@gmail.com,754-277-1377x90552,3008
Roger Carter,white,Harrison-Miller,michael03@hotmail.com,(720)346-1797,1059
Shirley Miller,navy,"Velez, Brown and Murphy",ashleeclark@gmail.com,298-150-6325x526,617
Heather King,fuchsia,Jensen Ltd,jake96@hotmail.com,1-177-352-7585,4478
Kelly Clark,purple,Rodriguez-Anderson,patrickdonovan@hotmail.com,1-653-893-5010,8874
Brian Williams,blue,Simpson-Meyers,cwilliams@hotmail.com,(285)685-6732x99627,4824
Sarah Spencer,maroon,"Mcintyre, Rodriguez and House",vhughes@yahoo.com,(405)158-4692x0532,9926
John Wells,olive,Martin-Mcmahon,jennifer96@hotmail.com,875-631-3728x20657,9773
Julia Cummings,teal,Marquez Inc,david77@gmail.com,(431)972-2236,7188
Maria Bradshaw,blue,"Davis, Kim and Allen",cherylevans@hotmail.com,473.408.4479x3984,7697
Calvin Pearson,olive,"Cooper, Gonzalez and Evans",anthonymartinez@hotmail.com,(002)131-9450,5407
Terry Andrews,yellow,Wong-Sanchez,karenevans@hotmail.com,(074)820-9740x9897,15
Jacqueline Rogers,olive,"Mcbride, Thomas and Hayes",tinaprice@hotmail.com,128.125.3270,6347
Maria Owen,blue,"Anderson, Schultz and Freeman",james97@gmail.com,(666)724-5696x8925,2004
Nancy Wood,olive,Krause-Newman,tylerkeller@yahoo.com,+91(6)0410757366,3556
Meagan Hernandez,aqua,Cruz-Huynh,juliecarter@yahoo.com,+53(6)2416885303,2853
Jon Williams,silver,"Bailey, Peck and Phelps",martinezkim@yahoo.com,734-844-0253x29665,7725
Anthony Proctor,olive,"Harris, Ochoa and Holmes",michaelwhite@gmail.com,1-918-146-5336x41483,9921
Robert Vega,blue,Smith LLC,mario65@yahoo.com,651.850.6332,5324
Patrick Hinton,gray,Cooke Inc,foleykristin@gmail.com,+35(8)8489684319,2123
Lisa Davis,gray,Leblanc-Carter,ymiller@hotmail.com,03803939863,4999
Mr. Larry Wu DDS,fuchsia,"Schroeder, Huynh and Wagner",ngarza@hotmail.com,107.259.2586x18510,4491
Marilyn Myers,fuchsia,Wilkerson Inc,wyattmichelle@hotmail.com,05436058429,3540
Scott Washington,yellow,Palmer LLC,wrightcurtis@yahoo.com,05927645185,5965
Amanda Watson,navy,"Barry, Martin and Torres",lauren05@gmail.com,1-877-596-2195,6504
Tracy Terrell,black,Church and Sons,zstout@yahoo.com,(002)383-8847x369,1944
Michelle Greene,fuchsia,"Flowers, Scott and Stewart",brookemurphy@gmail.com,196-656-1035,5822
Michael Smith,teal,Silva-Carter,kbarnes@yahoo.com,(088)271-6969,6403
Norman Hernandez,olive,"Sandoval, Marshall and Gonzalez",megantapia@yahoo.com,+73(7)9419557185,1665
Melinda Calderon,purple,"Davis, Miller and Day",samuel30@hotmail.com,+52(4)3332345308,6647
David Mays,aqua,Harris-Gilbert,hallchristopher@gmail.com,(970)299-2918x0150,3352
Jennifer Hayden,navy,Garcia-Miller,scotthale@yahoo.com,319.769.0279,8434
Justin Phillips,navy,Douglas-Zimmerman,ianscott@gmail.com,(657)686-8175,864
Michael Rodriguez,yellow,Simmons LLC,qbailey@gmail.com,1-036-090-9332x8547,7044
Mark Drake,maroon,Myers-Brown,richard83@gmail.com,+09(5)2782023228,2622
Alexandra Scott,black,Pacheco and Sons,stephen75@yahoo.com,917-706-6998x72485,8831
Sarah Bautista,aqua,Parsons Group,rroberts@yahoo.com,(637)431-5664x155,6171
Latoya Horn,purple,Camacho-Flynn,michaelshelton@gmail.com,+93(2)2027553101,4899
Dakota Mccormick,fuchsia,Hopkins-Woodward,xthomas@gmail.com,1-675-991-7076,4291
Andrea Santos,blue,Brown and Sons,grios@gmail.com,218-814-5057,3556
Kimberly Williams,maroon,"Ruiz, Williams and Schultz",idavidson@hotmail.com,009.146.6877,2351
Timothy King,teal,Mejia Group,deannasimmons@hotmail.com,(365)347-6668,3406
Desiree Torres,aqua,"Cruz, Campbell and Nelson",josehopkins@hotmail.com,(077)789-8258,7484
Adam Hensley,lime,"Knox, Rodriguez and Vega",brucemurphy@yahoo.com,(337)278-3931,6881
Christopher Wilson,teal,"Gray, Cummings and Butler",patriciaanderson@gmail.com,1-350-415-7079x56934,5907
William Stephens,blue,Mason-Salazar,seanthomas@yahoo.com,1-875-389-7085x0420,1823
Lori Barker,teal,Roberts Inc,russellknight@yahoo.com,+06(6)7686459601,8812
Morgan Johnston,green,Lee Inc,gcarpenter@gmail.com,(518)126-9654x635,8396
Hunter Vargas,maroon,Anderson-Ramirez,nixonjonathan@gmail.com,602.911.5067,3687
Andrea Francis,yellow,Thompson-Perkins,kimberlyrobinson@yahoo.com,903-506-0558x625,8129
John Williams,fuchsia,"Patton, Lee and Fisher",greenelizabeth@yahoo.com,398-500-9630,4742
Mariah Knight,blue,Lee-Gould,tuckerleah@gmail.com,588-357-2642,7319
Victoria White,maroon,Nelson-Chavez,moralesashley@hotmail.com,1-343-009-7512x70680,9938
William Henderson,green,Camacho-Rosario,dpeterson@hotmail.com,(757)451-6708x23347,9763
Felicia Sullivan,navy,Cooley PLC,cmiles@yahoo.com,459.106.2951,5561
Richard Tyler,yellow,Evans-Wright,ygreene@hotmail.com,242.775.0044x1070,8928
Dawn Price,navy,"French, Morrison and Graham",pamelawarren@gmail.com,09265820090,9779
Veronica Moore,green,Conley Ltd,penabrianna@yahoo.com,901.594.4084,7048
Mrs. Shannon Hughes,olive,"Mcdonald, Frye and Medina",singhtrevor@gmail.com,598.156.8428x4961,3017
Jose Lindsey,yellow,Humphrey-Daniels,steven72@hotmail.com,160-997-7077x83180,7224
Nicholas Lopez,olive,Herrera-Williams,william29@gmail.com,241.609.1121x271,6793
Angela Cole,blue,Hopkins PLC,huangmichelle@hotmail.com,558.167.1542x508,6694
Deborah Mcdonald,silver,"Smith, Anderson and Jones",conniespencer@hotmail.com,119.350.1421x99053,8800
Briana Jones,teal,Singh-Mendoza,xhawkins@yahoo.com,957.160.7979x016,7350
Angel Cooper,green,"Oneill, Hutchinson and Thompson",alexisstokes@hotmail.com,1-244-702-9217x839,8633
Michelle Coleman,blue,"Jones, Montoya and Nelson",stoutcaitlin@gmail.com,1-168-677-8872,2992
Bryan Jones,white,Wilson-Yang,odombrian@yahoo.com,(471)284-9606,2417
Katherine Ponce,olive,Harris-Rodriguez,mmills@yahoo.com,(908)826-6018,7876
Todd Delacruz,teal,Peterson-Kennedy,joseph42@gmail.com,871.611.2902x818,5216
Jennifer Long,lime,"Martinez, Velazquez and Roberts",johnsonmichelle@yahoo.com,1-983-537-1079x6818,7375
Keith Smith,fuchsia,Castro-Ingram,mcleanbrian@yahoo.com,+11(4)0692238929,9005
Jennifer Norton,blue,Smith and Sons,cherrera@yahoo.com,(210)596-9443x7330,8779
Patricia Garcia,fuchsia,Ellison and Sons,martinezroger@hotmail.com,251-638-2144,765
Megan Crawford,lime,"Allen, Contreras and Flores",brianwong@yahoo.com,04610938897,9212
Jacob Conway,yellow,Lewis and Sons,nortonmatthew@hotmail.com,1-038-567-0386x98027,7314
Marie Brown,white,Reyes Inc,griffintimothy@yahoo.com,144-271-9256x814,8413
April Mathews,green,"Thompson, Padilla and Osborne",hillmelissa@yahoo.com,248.961.3945,7197
John Olson,green,Michael and Sons,julie49@hotmail.com,(605)060-0850,5103
John Horn,white,"Ochoa, Hayes and Jackson",reyesglenn@gmail.com,(563)552-6476x2328,5321
Joyce Hayes,lime,"Kelly, Huber and Edwards",danielortega@yahoo.com,797.012.3074,5594
Gordon Farley,navy,Kennedy-West,johnhaas@hotmail.com,1-248-427-6609,5886
Bobby Jones,maroon,Peterson Ltd,wallsheather@hotmail.com,(318)090-5241x441,5563
Logan Ray,aqua,"Meyer, Vargas and Smith",wdowns@hotmail.com,380.912.2716x024,2420
Alexander Hernandez,green,"Torres, Clark and Shaw",michael94@hotmail.com,754-753-2265,5718
Joel Hunt,gray,Larson-Smith,jessica80@gmail.com,(101)108-6154,6608
Barbara Odonnell,gray,Meyer-Walters,craigdebra@gmail.com,468-236-7320x1322,5253
Noah Wright,olive,Bailey Ltd,bmoreno@hotmail.com,+81(7)6308968700,6315
Jason Barrett,olive,Johnson-Lee,nguyenwalter@yahoo.com,+21(9)9766260725,2610
Lisa Wagner,teal,Smith and Sons,kevinmiller@gmail.com,05934705632,9104
Emma Coleman,blue,Edwards-Wheeler,vhernandez@hotmail.com,(273)024-8229,5098
Angela Summers,olive,Baker-Turner,adonovan@hotmail.com,111-185-0354,9762
Barbara Ramsey,fuchsia,Marshall LLC,william86@yahoo.com,+12(5)2290692960,7288
Evan Nichols,lime,Elliott LLC,jessica59@gmail.com,956.585.4657x229,6864
Thomas Murphy,blue,Vargas-Lopez,jjones@hotmail.com,1-920-140-8796,9000
Nicole Copeland,lime,"Watson, Marsh and Allen",james33@hotmail.com,828.553.1719,1617
Jessica Mccoy,yellow,"Mclaughlin, Harris and Boyer",georgephelps@yahoo.com,(365)937-5569x047,4775
Roberta Johnson,gray,"Riley, Walker and Delgado",ecollins@hotmail.com,800.977.3630,425
Nathan Gordon,lime,Mann LLC,shaun56@gmail.com,372.985.3101x831,4700
Michael Murphy DVM,lime,Reed-Washington,samuelsingh@hotmail.com,00907458970,1057
Michael Mcgee,navy,Moore Inc,crystalmercado@yahoo.com,073-567-8058x073,8222
Marco Morris,gray,"Pollard, Brady and Bennett",richard52@hotmail.com,1-488-233-7808x513,822
Kimberly Andrews,fuchsia,"Ramirez, Jenkins and Reeves",nguyensherry@yahoo.com,+71(0)5135674863,1891
Theresa Davis,green,"Vega, Osborn and Wood",mary87@hotmail.com,(913)464-0650,549
Dominic Stuart,blue,Mason-Leblanc,rodneybeck@hotmail.com,1-461-300-1540,2044
Lori Johnson,maroon,Johnson and Sons,kellymatthew@gmail.com,(020)023-5361,8075
Debbie Gibson,olive,Watts-Tucker,qhubbard@yahoo.com,(612)622-8777x596,3364
Kevin Ashley,purple,Smith Ltd,hmitchell@yahoo.com,+86(3)7161159375,1744
Matthew Dawson,white,Branch-Ryan,ernest42@hotmail.com,+18(2)8150345426,1109
Brandon Thompson,blue,White-Moore,tblake@gmail.com,314.016.4317,622
Jared Peterson,maroon,"Lee, Jones and Gill",jerryknight@hotmail.com,899.524.4170x5792,9165
Alyssa Rodriguez,lime,Lowe-Novak,esaunders@yahoo.com,1-710-383-4107x710,5110
Mrs. Jessica Hartman,gray,"Douglas, Walker and Christensen",kathleenwelch@hotmail.com,969-591-9792x207,2126
Lisa Cruz,blue,Floyd-Brown,scottwalker@hotmail.com,795.712.4458,9669
Amanda Jones,lime,"Griffin, Scott and Ortega",william70@yahoo.com,1-577-533-2608x68729,3778
Jessica Trujillo,yellow,"Johnson, Cardenas and Gibson",vhenry@yahoo.com,1-447-118-9669,6791
Jeremy Carlson,yellow,Smith-Mcdonald,asutton@yahoo.com,398.827.6870x907,8183
Megan Taylor,fuchsia,Henderson LLC,barrymeredith@gmail.com,(864)796-1576x58695,5442
April Allen,blue,"Allen, Jones and Gray",jackie63@gmail.com,468.239.9736,2337
David Fleming,yellow,Ferguson-Johnson,wflores@gmail.com,1-346-089-9266x9076,7079
Richard Gilbert,yellow,"Collins, Bowman and Thompson",elizabethwhite@yahoo.com,+05(3)2405072219,3555
Emily Brown,olive,White-Turner,garrisonsusan@yahoo.com,(251)374-2829x38582,5742
Margaret David,fuchsia,Larson LLC,christensencarol@gmail.com,1-962-531-9170,1699
Helen Williams,green,Zamora-Pierce,lhale@hotmail.com,(309)636-9346,8104
Tonya Clark,gray,Gilmore-Wang,heather39@yahoo.com,1-441-553-2992,409
Maria Powers,green,"Gutierrez, Webb and Cox",salazartiffany@hotmail.com,937.363.3968x63560,7267
Elizabeth Cabrera,blue,Davis Inc,christopheraguirre@hotmail.com,1-575-458-1354x0316,4499
Mr. Henry Bell MD,gray,"Gallegos, Ortiz and Robinson",eyates@gmail.com,1-449-374-8755,8479
Melissa Black,silver,Watson-Vargas,scamacho@gmail.com,(035)263-0094,8031
Melissa Harding,white,Diaz-Garcia,shannon55@gmail.com,(345)695-5969x08257,4884
Eric Castillo,aqua,"Brown, Pennington and Lewis",reynoldsjacob@hotmail.com,+19(3)7999932107,3984
Amanda Thompson,purple,Ward-Phillips,twilson@hotmail.com,857-788-4568,9242
Stephen May,fuchsia,Johnson-Richard,rreed@hotmail.com,404-443-6067,208
Brian Ferguson,navy,"Arnold, Contreras and Coleman",lisa29@gmail.com,07761008705,2152
Stanley Kirby,green,Hoover Ltd,darlene00@yahoo.com,1-485-180-7593,3342
Jennifer Raymond,white,Peterson-Turner,sparkssamuel@hotmail.com,254.523.6631x331,842
Aaron Moreno,black,Smith-Thompson,charles66@yahoo.com,871.470.6990,1175
Alisha Watson,fuchsia,"Taylor, Medina and Wagner",igarcia@gmail.com,1-943-910-8475x50826,4623
Deborah Stevenson,purple,"Flynn, Hill and Tyler",rroberts@yahoo.com,(335)836-7877,4584
Erin Davenport,green,"Wilson, Graham and Key",mbean@gmail.com,415-841-6379x709,6985
Zachary Cox,fuchsia,"Garcia, Allen and Williams",steven66@gmail.com,235-118-0206x4412,3707
Douglas Walsh,black,"Williams, Torres and Morrison",joshua33@gmail.com,00289607713,1634
Brian Morris,silver,Burton Ltd,jamiewashington@yahoo.com,590-932-0050x140,8399
Perry Smith,gray,Fisher Ltd,msullivan@hotmail.com,+62(0)6791804421,4308
Timothy Singh,black,Casey Inc,courtneyhammond@yahoo.com,850-531-7099,4435
Patrick Smith,aqua,"Carney, Kaufman and Reid",woodsrandy@gmail.com,+48(3)0348774862,4168
Christopher Chavez,maroon,"Perkins, Cochran and Powell",cdaniels@gmail.com,1-692-749-7750x142,7989
Aaron Carr,silver,Hughes Group,bradleysmith@yahoo.com,(978)955-1277x0360,5537
Laura Beltran,teal,"Thompson, Walker and Garcia",lauralopez@yahoo.com,(267)708-6732x2483,2791
Jason Ortiz,aqua,Romero Group,christopher84@yahoo.com,171-923-1195,526
Gary Stevens,purple,"Bradford, Trujillo and Patterson",curtis55@yahoo.com,(915)151-0041x8217,3274
Joseph Mendoza,blue,"Castro, Best and Taylor",richarddillon@hotmail.com,596.510.5982x31561,4071
Hannah Gonzalez,gray,Spencer-Martin,dhall@yahoo.com,482-557-9994x82701,6897
Rose Allen,green,Anderson Inc,nancymoreno@yahoo.com,335.117.3585x408,5309
Catherine Fisher,aqua,Quinn LLC,shieldshenry@yahoo.com,1-390-685-6935x28877,6880
Dylan Baker,purple,Robinson Ltd,kevinmartin@gmail.com,04977295547,247
Jeffrey Mueller,green,Evans-Jones,johnsonclifford@gmail.com,+87(1)7296426921,7752
Gloria Williams,aqua,Green Ltd,colleenwillis@yahoo.com,135.133.8920,2599
Timothy Nash,silver,Valenzuela LLC,ygross@hotmail.com,1-716-425-0834x71436,9932
Shawn Anderson,fuchsia,"Campbell, Carpenter and Perez",mary26@hotmail.com,845-074-1938x770,8425
Michelle Santos,gray,"Berry, Hughes and Wilkinson",jonathan53@hotmail.com,(498)566-5806x72156,9266
David Gray,olive,"Delacruz, Brown and Walker",stacy83@hotmail.com,(343)546-1773,7669
Eric Lee,navy,Sosa-Jones,kellythomas@gmail.com,675.295.9615x086,7433
Lauren Miller,yellow,Hodge Inc,murphyjessica@yahoo.com,707.616.0221,3484
Donald Lawson,yellow,Wilson-Mcmahon,valerie97@gmail.com,+72(1)0233034466,2373
Jesse Wilson,lime,"Sullivan, Silva and Perez",efrederick@yahoo.com,966.227.2777x71844,4196
Joseph Mckinney,teal,Morse Inc,ramoslawrence@gmail.com,588.883.2581x1343,5948
Gwendolyn Liu,gray,"Estrada, Holland and Romero",jason40@yahoo.com,854-616-1450x16613,2668
Robert Hernandez,blue,"Webster, Bailey and Ellison",clarksharon@hotmail.com,+84(4)7795115821,8795
Nathan Carlson,gray,Butler PLC,fschmitt@hotmail.com,658-212-7296x1988,4951
Jessica Green,black,Trevino-Haley,natalie37@hotmail.com,704-109-7000x006,8019
Eric Baker,navy,Thomas-Martin,glopez@gmail.com,954-467-7898x5753,963
David Brady,white,Wilson-Holmes,gina56@yahoo.com,(168)189-9911,3235
Maria Avila,teal,Lane PLC,nmaddox@gmail.com,865.685.1036x729,737
Joseph Roberts,navy,Mcpherson-Cannon,susan78@yahoo.com,313.596.7256x858,4679
Mary Webb,aqua,Johnson-Fernandez,eric21@yahoo.com,(407)092-6934,2222
Kelsey Andrade,fuchsia,Arroyo-Roach,gonzaleztroy@gmail.com,(221)609-7606,247
Bobby Smith,black,"Shelton, Lewis and Cannon",deborahmurphy@gmail.com,318-718-6945,8504
Jill Williams,navy,Richardson-Hernandez,andrea36@yahoo.com,245-702-9081x042,8829
John Becker,aqua,"Armstrong, Wiggins and Nelson",wilsonbrianna@hotmail.com,+83(6)2789838373,5487
Sierra Griffith,purple,Gonzalez Ltd,ljensen@hotmail.com,1-065-601-3059x362,3961
Kelsey Martinez,yellow,"Rose, Beck and Valdez",pvargas@hotmail.com,+02(6)7360902416,7181
Larry Woodward,fuchsia,Perry PLC,katiewatson@yahoo.com,149.800.9283x942,2725
Mark Sampson,navy,"Smith, Marks and Thomas",silvavalerie@gmail.com,599.025.4404,6136
Karen Ryan,blue,Johnson-Gray,lindsey19@yahoo.com,1-141-874-1821x0370,23
Matthew Schmidt,white,"Matthews, Howard and Vaughn",bullockjames@hotmail.com,055-011-0210,8049
Mary Dodson,white,"Vasquez, Simpson and Williams",whitemichael@hotmail.com,03894078645,5289
Kevin Burns,lime,Jackson-Harrison,joshua56@gmail.com,1-004-688-3856x1145,5395
Devin Barrera Jr.,lime,Perkins and Sons,elizabeth49@yahoo.com,815-743-9804x4822,5609
Gregory Lopez MD,gray,"Holt, Alexander and Cruz",tylerhebert@yahoo.com,03292130377,8306
Megan Doyle,fuchsia,Johnson Inc,tamara68@hotmail.com,251.265.9538x60295,2822
Alexis Brown,white,"Deleon, White and Barron",russell39@yahoo.com,(824)141-4398x18347,5899
Mary Cuevas,aqua,Gibson-Woods,carrillomegan@yahoo.com,781-434-8643,4029
Lance Miller,maroon,Reid-Norris,ramseybrian@yahoo.com,06424198416,3948
Angela Mendez,green,"Jackson, Holmes and Robbins",neil51@yahoo.com,(581)527-0954,9842
Ryan Johnson,maroon,"Robinson, Smith and Haynes",kjones@gmail.com,246.544.4636,7062
Anthony Davidson,gray,Daugherty Inc,danielstokes@hotmail.com,1-951-612-7167x0709,8858
Kenneth Williams,green,"Robertson, Hartman and Hughes",shannonwilliams@gmail.com,(378)213-3018,2272
Andrea Shepherd,maroon,Simon-Buchanan,huffmanelizabeth@gmail.com,07207058593,3666
Ryan Avila,lime,Carpenter Inc,loretta16@hotmail.com,812-199-3748,5312
Mitchell Johnson DDS,blue,Peterson-Rogers,kdelgado@yahoo.com,07692506452,7375
Christopher Farmer,blue,Allen-Miller,matthewgreene@yahoo.com,379.345.4436,1254
Albert Davis,teal,Kim-Dennis,christinaporter@gmail.com,01400453273,2157
Emily Thompson,purple,"Levine, Golden and Walker",kelly86@yahoo.com,08568958585,9487
Timothy Ward,purple,Williams and Sons,lopezdavid@yahoo.com,458-466-5124,5220
Jonathan Williamson,fuchsia,"Kirby, Alexander and Curry",floresshelby@yahoo.com,630-565-1558x0871,929
Christopher Dominguez,navy,"Patterson, Hill and Franklin",dmorris@hotmail.com,(381)152-5354x7309,5591
Kristi Hines,olive,"Patterson, Stone and Norton",owensvictoria@hotmail.com,(226)572-4988,537
Maxwell Johnson,maroon,"Garcia, Gonzalez and Davis",xmatthews@yahoo.com,710-194-3657x37680,6733
Jacob Ortiz,fuchsia,Mason Ltd,smithmonica@hotmail.com,+67(4)5021464485,1559
Benjamin Williams,teal,"Flynn, Perkins and Hill",alexandrasimmons@hotmail.com,(073)162-8006,4206
Colleen Harrison,black,Williamson LLC,hwade@yahoo.com,1-602-681-4276,346
Jessica Brown,gray,Armstrong-Harvey,hansonchristy@yahoo.com,589-542-7620,391
Kristine Santos,olive,Reed-Hubbard,christopher46@yahoo.com,607-075-7185x4680,2355
Gregory Butler,black,Lee and Sons,ehenderson@yahoo.com,270.968.6591x0084,6480
Timothy Mcgrath,navy,Solis PLC,nlee@gmail.com,967.358.8002,9902
Jasmine Cole,olive,"Anderson, Stewart and Gonzales",sanchezalexandria@yahoo.com,(874)947-7784,8596
Jeremy Craig,lime,"Davis, Garcia and Mora",vsmith@hotmail.com,1-526-437-1403x9074,4160
Danielle Jackson,yellow,Holland Group,amanda64@gmail.com,1-499-153-9713x1958,1926
Stacy Gibson,green,Burgess Ltd,rachelleonard@yahoo.com,330.166.6672x6003,4080
Natalie Harrison,white,"Harper, Barron and Sanchez",danielbrown@gmail.com,(719)015-2381,3796
Bridget Gentry MD,silver,"Henderson, Johnson and Brock",jeffery27@yahoo.com,01017392259,1403
Lindsay Bradford,yellow,Ingram-Tucker,wrodriguez@gmail.com,1-346-401-2522x59272,1494
Candice Hall,gray,"Ross, Moore and Gallagher",hhicks@hotmail.com,1-185-534-0883,9864
Jeffrey Harris,silver,Ramirez Ltd,hunterrhonda@hotmail.com,831.336.9421,1516
Brenda Gonzalez,white,Martinez-Smith,ericnelson@yahoo.com,(390)783-6157x05368,5005
Sandra Davis,yellow,Chambers and Sons,ruizangelica@hotmail.com,1-225-723-9303x247,3711
Guy Bell,olive,Carrillo Inc,dwaynerubio@hotmail.com,135-573-9832x039,9912
Diane White,purple,Richardson Ltd,nicole00@yahoo.com,(742)341-5158,9135
Jacob Strickland,olive,Simon-Kerr,francisco54@gmail.com,1-561-740-8372x92859,538
Kathryn Hammond,blue,"Anderson, Rodriguez and Heath",lorimcdonald@yahoo.com,157.640.0613x2699,2718
Sheila Davis,teal,Martin-Jones,virginiahawkins@yahoo.com,168.128.5128,2721
George Moran,white,"Reed, Bradley and Riley",colleen04@hotmail.com,1-100-315-2665,8561
David Robinson,green,"Collins, Vaughn and Walls",velezjessica@hotmail.com,827.841.2758,6305
Travis Kaufman,silver,Johnson Inc,matthewpatel@yahoo.com,394.175.4862,4055
David Flynn,green,Meyers Group,jesselewis@yahoo.com,+97(1)0054030975,6024
Nicholas Wiley,black,Brown Inc,bennettmicheal@gmail.com,1-955-618-4225x78140,8354
Bryan Parker,yellow,Moore Ltd,bradleytina@hotmail.com,1-216-397-4591x18357,353
Gregory Williamson,navy,Martinez-Rosario,nrojas@yahoo.com,597.548.8965x31151,5342
Susan Blankenship,aqua,Collins-Hall,brookemartin@yahoo.com,1-015-525-0041x155,3877
Theresa Ramos,maroon,Williams-Todd,jeffery40@hotmail.com,042-484-0427x13915,3392
Scott Johnson,yellow,"Burnett, Moore and Madden",mcfarlandscott@yahoo.com,936.675.1451,1424
Ethan Hamilton,navy,"Mullins, Colon and Gomez",richardbrooks@gmail.com,124.758.8830x227,693
Robert Lane,lime,Lopez Inc,cgutierrez@gmail.com,1-909-863-6499,1896
Charles Fisher,maroon,Huerta-Garcia,conradmichael@gmail.com,970-850-0000,3090
Steven Martinez,white,"Robertson, Lin and Walker",roybridges@yahoo.com,(247)328-5896x6071,9783
Wesley Brown,purple,Davies-Bowen,bennettjohn@yahoo.com,686-558-5457x421,9635
Angela Jenkins,gray,Bates-Hoffman,aliciaglass@gmail.com,(132)955-1528,5314
Tammy Dyer,teal,Cruz-Russell,watsonsara@hotmail.com,236-674-5684,620
Michelle Henry,lime,Reyes-Stanley,ijones@hotmail.com,(025)502-2183x1659,1377
Alexandra Holt,white,"Ramirez, Andrews and Lopez",austinjohnson@gmail.com,219-103-4537x18380,3017
Sean Jackson,aqua,Cox-Thomas,tmiller@yahoo.com,(317)424-8032x02371,363
Bridget Hughes,yellow,Shea Ltd,heather90@hotmail.com,081-740-8698x006,8806
Thomas Evans,blue,Miller-Bates,sarah90@hotmail.com,+31(0)1591377245,7674
Denise Martin,maroon,Stephens-Silva,christinawarren@yahoo.com,+68(2)9737587237,2599
Tyler Green,white,"Oneal, Sherman and May",harpernoah@yahoo.com,528-417-4403,637
Melanie Perez,teal,"Dixon, Foster and Simmons",sara80@gmail.com,823.871.4666,2081
Dr. Richard Johnson,gray,"Stanley, Robinson and Dawson",stevengarcia@yahoo.com,859-585-1747x6008,6495
Renee Meyer,green,"Newton, Barnett and Glover",wanda22@yahoo.com,866.100.1161x60659,6563
Richard Hatfield,green,Bush-Sanchez,ponceryan@yahoo.com,1-999-237-6884,7169
Alan Rangel,maroon,Lee LLC,cmartinez@hotmail.com,(485)723-6325x7701,1121
Anne Santos,silver,Patrick Inc,ktrevino@gmail.com,1-504-499-7575x76246,1922
Stephanie Hanson,green,Willis Inc,uedwards@hotmail.com,558.809.3928x185,5910
Brandon Martinez,black,Klein-Baldwin,nnguyen@yahoo.com,1-027-422-9174,978
Tom Torres,silver,"Davidson, Johnson and Thomas",trhodes@yahoo.com,1-699-285-1030,188
Gabrielle Norman,aqua,"Cortez, Myers and Pierce",csanchez@yahoo.com,1-518-970-1916,4602
Mr. Austin Reid,blue,Daniel-Guzman,donnadaniels@yahoo.com,427.328.7666,6104
Autumn Harper,navy,Pierce LLC,sarapotter@gmail.com,144-123-6279x33843,4194
Ebony Woods DDS,black,Mason-Watson,oleach@yahoo.com,951.263.2694x9940,9452
Summer Mason,lime,Fisher-Owen,louis72@hotmail.com,276.808.3640x28460,5871
Mr. Calvin Nelson,olive,Aguirre-Forbes,kara23@hotmail.com,05505177198,3736
Andrew Chase,maroon,Gonzalez Group,lucasbrian@yahoo.com,1-324-009-8104,1774
Michael Kim,lime,Bray Group,williamsangela@hotmail.com,(986)799-5304,3787
Meghan Morgan,olive,Acosta-Taylor,ecordova@yahoo.com,669.141.7434,8006
John Cooper,lime,Giles-Mendoza,htaylor@yahoo.com,424-830-3282x76347,1939
Andrew Duran,purple,"Hogan, Flynn and Hurst",qperez@yahoo.com,614.453.0010x545,2377
Joanne Alvarez,white,Butler-Shaw,michaeldixon@yahoo.com,199-261-2447,9701
Jose Martinez,white,Tran Inc,newmanheather@hotmail.com,528-298-3467,9642
Jeffery Williams,black,Warren PLC,robertanderson@hotmail.com,1-193-240-5439x3673,1980
Robert Stephens,navy,Davies Group,alejandra37@yahoo.com,(136)602-9444x3651,920
John Myers,green,"Kramer, Chavez and Newton",butlerjesus@gmail.com,(749)816-7378x9155,8245
Lisa Estrada,blue,Barron and Sons,jessica99@hotmail.com,1-008-116-6637x425,401
Frank Ferguson,blue,Lamb-Torres,brettsweeney@hotmail.com,568-578-2250,1121
Thomas Warren,maroon,Flores-Mitchell,lucasnelson@gmail.com,+18(2)0883465044,1872
Tiffany Sanders,purple,Evans-Hill,shaffercharles@hotmail.com,1-992-038-3209x28160,5426
Michael Ramirez,yellow,"Wagner, Castillo and King",elizabethbates@yahoo.com,(016)668-9196x623,1589
John Johnson,maroon,Ford PLC,larrymcdaniel@yahoo.com,1-260-106-1019,9690
Andrew Martin,aqua,Johnson-Johnson,parkkimberly@yahoo.com,620-549-7302x95715,4748
Daniel Drake,purple,Higgins and Sons,pearsonadam@yahoo.com,1-905-982-8369x3657,7468
Ronald Evans,fuchsia,Jackson-Collier,allenautumn@gmail.com,302.167.8384x49564,4295
Ruben Leonard,fuchsia,"Dalton, Hodges and Edwards",sdodson@gmail.com,217.337.7350x054,1206
Lori Ibarra MD,green,Martinez PLC,brendan78@gmail.com,1-385-180-2688x36993,3177
Jared Rodriguez,black,"Stafford, White and White",hburke@gmail.com,01066638587,8577
Rachel Walker,teal,"Johnson, Johnson and Martinez",ncruz@yahoo.com,(115)195-6097,5157
Christian Thomas,silver,"Jensen, George and Brown",gary32@hotmail.com,+76(1)2466743140,4580
Jennifer Zamora,maroon,Miller-Bowers,ijackson@hotmail.com,970.613.2310x740,2567
Stacie Bruce,teal,Graham Inc,pjones@hotmail.com,182.005.0659x86000,8593
Tom Wheeler,teal,Dawson Inc,sethbrown@yahoo.com,1-252-098-7076,7941
Amber Ware,yellow,Townsend Inc,lambthomas@gmail.com,867.131.2353,435
Katherine Thomas,olive,Sanchez-Smith,michael59@gmail.com,1-420-820-2172,5927
Michelle Estrada,silver,Bowen-King,angelataylor@yahoo.com,506-470-3684x450,1454
Steven Ball,black,"Miles, Strong and Odom",ramirezkenneth@yahoo.com,1-127-320-6579,4077
Jeffrey Bruce,navy,Palmer-Nelson,tcarey@gmail.com,+41(0)1160703521,8311
Kelsey Cohen,aqua,Hall-Bryant,katherinelopez@hotmail.com,+27(1)9063265226,3079
Emily Daniel,lime,Chang and Sons,rhondaschmidt@yahoo.com,634.271.1555,3458
James Mills,purple,"Daugherty, Perez and Brock",lhill@yahoo.com,+67(0)4709524883,2232
Lisa Ayala,maroon,"Smith, Robinson and Arnold",cody19@hotmail.com,(700)406-7305x99054,3888
Wanda Johnson,green,"Ruiz, Fisher and Brooks",frankgerald@hotmail.com,(751)204-1306,625
Stacie Harvey,aqua,Bush Group,charles86@yahoo.com,1-200-149-6793x267,3324
Walter Wang,teal,Stevens Group,brownnicole@yahoo.com,815.398.9022x4179,6651
